Company,Website,Email,City,State,Contact_Page,Managed_Properties,Status,Sent_Date,Reply_Status,Reply_Date,Video_Status,Video_Link,Follow_Up,Payment_Status,Notes
Florida Vacation Homes,floridavacationhomes.com,rentals@floridavacationhomes.com,Davenport,FL,floridavacationhomes.com/contact,N/A,SENT,2026-07-19 03:41,NO_REPLY,,NOT_CREATED,,NO,NOT_PAID,
MN Florida Vacation Homes,mnfloridavacationhomes.com,nathan@mnfloridavacationhomes.com,Kissimmee,FL,,N/A,SENT,2026-07-19 03:42,NO_REPLY,,NOT_CREATED,,NO,NOT_PAID,
CK Luxury Vacation Rental Property Management Group,ckpropertymanagementgroup.com,floridavacationrentals@ckpropertymanagementgroup.com,,FL,,N/A,SENT,2026-07-19 03:43,NO_REPLY,,NOT_CREATED,,NO,NOT_PAID,
Vacanza Rentals,vacanzarentals.com,inquiry@vacanzarentals.com,Cape Coral,FL,,N/A,SENT,2026-07-19 03:44,NO_REPLY,,NOT_CREATED,,NO,NOT_PAID,
Tropical Property Rentals Inc.,tropicalpropertyrentals.com,tropicalpropertyrentals@gmail.com,Marathon,FL,,N/A,SENT,2026-07-19 03:45,NO_REPLY,,NOT_CREATED,,NO,NOT_PAID,
iTrip St. Petersburg Beaches,itrip.net,seahorse@itrip.net,Ozona,FL,,N/A,SENT,2026-07-19 03:46,NO_REPLY,,NOT_CREATED,,NO,NOT_PAID,
NXT Vacation Mgmt,nxtvacation.com,sales@nxtvacation.com,San Diego,CA,,N/A,SENT,2026-07-19 03:47,NO_REPLY,,NOT_CREATED,,NO,NOT_PAID,
Grand Welcome,mammothlakesmanagement.com,hello@mammothlakesmanagement.com,Mammoth Lakes,CA,,N/A,SENT,2026-07-19 03:48,NO_REPLY,,NOT_CREATED,,NO,NOT_PAID,
Vacation Rentals By Kimberly,vrbkim.com,reservations@vrbkim.com,Del Mar,CA,,N/A,SENT,2026-07-19 03:49,NO_REPLY,,NOT_CREATED,,NO,NOT_PAID,
San Diego Vacation Rentals,sdvr.com,info@sdvr.com,San Diego,CA,,N/A,SENT,2026-07-19 03:50,NO_REPLY,,NOT_CREATED,,NO,NOT_PAID,
LUX Coast Management,luxcoastmgmt.com,contact@luxcoastmgmt.com,San Diego,CA,,N/A,SENT,2026-07-19 03:51,NO_REPLY,,NOT_CREATED,,NO,NOT_PAID,
Gardner Management,gardnercompany.com,info@gardnercompany.com,,CA,,N/A,SENT,2026-07-19 03:52,NO_REPLY,,NOT_CREATED,,NO,NOT_PAID,
Grand Welcome Austin,austinmanagement.com,hello@austinmanagement.com,Austin,TX,,N/A,SENT,2026-07-19 03:53,NO_REPLY,,NOT_CREATED,,NO,NOT_PAID,
GuestSpaces,guestspaces.com,kayla@guestspaces.com,,TX,,N/A,SENT,2026-07-19 03:54,NO_REPLY,,NOT_CREATED,,NO,NOT_PAID,
STR Management,strmanagement.com,info@strmanagement.com,Austin,TX,,N/A,SENT,2026-07-19 03:55,NO_REPLY,,NOT_CREATED,,NO,NOT_PAID,
Texan Property Management,texanpm.com,manager@texanpm.com,,TX,,N/A,SENT,2026-07-19 03:56,NO_REPLY,,NOT_CREATED,,NO,NOT_PAID,
DLPHomeandHost,dlphomeandhost.com,veronica@dlphomeandhost.com,,TX,,N/A,SENT,2026-07-19 03:57,NO_REPLY,,NOT_CREATED,,NO,NOT_PAID,
Alpine Co-Hosts,alpinecohosts.com,info@alpinecohosts.com,Vail,CO,,N/A,SENT,2026-07-19 03:58,NO_REPLY,,NOT_CREATED,,NO,NOT_PAID,
Atlas Vacation Rentals,atlasvrm.com,admin@atlasvrm.com,,CO,,N/A,SENT,2026-07-19 03:59,NO_REPLY,,NOT_CREATED,,NO,NOT_PAID,
Colorado Rocky Mountain Resorts,coloradormr.com,info@coloradormr.com,Frisco,CO,,N/A,SENT,2026-07-19 04:00,NO_REPLY,,NOT_CREATED,,NO,NOT_PAID,
rentVAIL,rentVAIL.com,info@rentvail.com,Vail,CO,,N/A,SENT,2026-07-19 14:51,NO_REPLY,,NOT_CREATED,,NO,NOT_PAID,
SkyRun,skyrun.com,coloradosprings@skyrun.com,Colorado Springs,CO,,N/A,SENT,2026-07-19 14:52,NO_REPLY,,NOT_CREATED,,NO,NOT_PAID,
Vacation Rental Collective,bookvrc.com,info@bookvrc.com,Multiple,CO,,N/A,SENT,2026-07-19 14:53,NO_REPLY,,NOT_CREATED,,NO,NOT_PAID,
Hawaii Life Vacations,hawaiilife.com,vacations@hawaiilife.com,,HI,,N/A,SENT,2026-07-19 14:54,NO_REPLY,,NOT_CREATED,,NO,NOT_PAID,
Captain Cook Real Estate,hawaiiproperty.com,info@hawaiiproperty.com,Oahu,HI,,N/A,SENT,2026-07-19 14:55,NO_REPLY,,NOT_CREATED,,NO,NOT_PAID,
Hawaii Coastal Property Management,hicoastal.com,contact@hicoastal.com,Oahu,HI,,N/A,SENT,2026-07-19 14:56,NO_REPLY,,NOT_CREATED,,NO,NOT_PAID,
A Perfect Vacation Rental,aperfectvacationrental.com,admin@apvr.net,Maui,HI,,N/A,SENT,2026-07-19 14:57,NO_REPLY,,NOT_CREATED,,NO,NOT_PAID,
Vacation Realty Hawaii,vacationrealtyhawaii.com,reservations@vacationrealtyhawaii.com,Kauai,HI,,N/A,SENT,2026-07-19 14:58,NO_REPLY,,NOT_CREATED,,NO,NOT_PAID,
Castle Resorts & Hotels,chasenrainbows.com,owners@castleresorts.com,,HI,,N/A,SENT,2026-07-19 14:59,NO_REPLY,,NOT_CREATED,,NO,NOT_PAID,
Carolina Dreaming,carolinadreaming.com,reservations@carolinadreaming.com,Myrtle Beach,SC,,N/A,SENT,2026-07-19 15:00,NO_REPLY,,NOT_CREATED,,NO,NOT_PAID,
"Edisto Beach Vacation Rentals, LLC",edistobeachvacationrentals.com,ebvrllc@gmail.com,Edisto Beach,SC,,N/A,SENT,2026-07-19 15:01,NO_REPLY,,NOT_CREATED,,NO,NOT_PAID,
Myrtle Beach Management,mymyrtlevacation.com,mbmreservations@gmail.com,Myrtle Beach,SC,,N/A,SENT,2026-07-19 15:02,NO_REPLY,,NOT_CREATED,,NO,NOT_PAID,
Pawleys Island Realty,pawleysislandrealty.com,tawnie@pawleysislandrealty.com,Pawleys Island,SC,,N/A,SENT,2026-07-19 15:03,NO_REPLY,,NOT_CREATED,,NO,NOT_PAID,
The Best Rentals,thebestrentals.com,office@follysbest.com,Charleston,SC,,N/A,SENT,2026-07-19 15:04,NO_REPLY,,NOT_CREATED,,NO,NOT_PAID,
Carolina Palm Vacations,carolinapalm.com,descoproperties@gmail.com,Myrtle Beach,SC,,N/A,SENT,2026-07-19 15:05,NO_REPLY,,NOT_CREATED,,NO,NOT_PAID,
NC-Stays,nc-stays.com,mike@nc-stays.com,,NC,,N/A,SENT,2026-07-19 15:06,NO_REPLY,,NOT_CREATED,,NO,NOT_PAID,
Towns Property,townsproperty.com,info@townsproperty.com,Asheville,NC,,N/A,SENT,2026-07-19 15:07,NO_REPLY,,NOT_CREATED,,NO,NOT_PAID,
Sandhills Rentals,sandhillsvacationrentals.com,rentals@sandhillsrentals.com,Moore County,NC,,N/A,SENT,2026-07-19 15:08,NO_REPLY,,NOT_CREATED,,NO,NOT_PAID,
Grand Welcome Nashville,nashvillehost.com,hello@nashvillehost.com,Nashville,TN,,N/A,SENT,2026-07-19 15:09,NO_REPLY,,NOT_CREATED,,NO,NOT_PAID,
Prestige Vacation Rentals,prestigevacationrentals.com,reservations@myprestigevr.com,,TN,,N/A,SENT,2026-07-19 15:10,NO_REPLY,,NOT_CREATED,,NO,NOT_PAID,
Great Smoky Mountain Vacation Rentals,gsmrentals.com,gsmrentals.tn@gmail.com,Gatlinburg,TN,,N/A,SENT,2026-07-20 15:47,NO_REPLY,,NOT_CREATED,,NO,NOT_PAID,
Compass Vacation Properties,compassvacationproperties.com,info@compassvacationproperties.com,,TN,,N/A,SENT,2026-07-20 15:48,NO_REPLY,,NOT_CREATED,,NO,NOT_PAID,
Utah Homes and Vacation Rentals,utahhomesandvacationrentals.com,reservations@utahhomesandvacationrentals.com,Eden,UT,,N/A,SENT,2026-07-20 15:49,NO_REPLY,,NOT_CREATED,,NO,NOT_PAID,
Mountain Stay Property Management,mountainstay.com,jeremy@mountainstay.com,,UT,,N/A,SENT,2026-07-20 15:50,NO_REPLY,,NOT_CREATED,,NO,NOT_PAID,
Mayflower,mayflowervrm.com,mayflowervrm@gmail.com,Park City,UT,,N/A,SENT,2026-07-20 15:51,NO_REPLY,,NOT_CREATED,,NO,NOT_PAID,
Utah's Best Vacation Rentals,utahsbestvacationrentals.com,guestservices@utahsbest.com,,UT,,N/A,SENT,2026-07-20 15:52,NO_REPLY,,NOT_CREATED,,NO,NOT_PAID,
Canyon Services,canyonservices.com,info@canyonservices.com,Alta,UT,,N/A,SENT,2026-07-20 15:53,NO_REPLY,,NOT_CREATED,,NO,NOT_PAID,
HAZ Vacation Rentals,hazvacationrentals.com,bookings@hazvacationrentals.com,Phoenix,AZ,,N/A,SENT,2026-07-20 15:54,NO_REPLY,,NOT_CREATED,,NO,NOT_PAID,
AZ Desert Vacations,azdesertvacations.com,info@azdesertvacations.com,Peoria,AZ,,N/A,SENT,2026-07-20 15:55,NO_REPLY,,NOT_CREATED,,NO,NOT_PAID,
Flagstaff Vacation Rentals,flagstaffpropertymanagement.com,managementservices@flagstaffvacationrentals.com,Flagstaff,AZ,,N/A,SENT,2026-07-20 15:56,NO_REPLY,,NOT_CREATED,,NO,NOT_PAID,
Day N Nite Stays,daynnitestays.com,hello@azsuperhost.com,Scottsdale,AZ,,N/A,SENT,2026-07-20 15:57,NO_REPLY,,NOT_CREATED,,NO,NOT_PAID,
Versatile Properties,vpvacationrentals.com,management@vpvacationrentals.com,Williams,AZ,,N/A,SENT,2026-07-20 15:58,NO_REPLY,,NOT_CREATED,,NO,NOT_PAID,
Best Arizona Vacation Rentals,bestarizonavacationrentals.com,reservations@bestarizonavacationrentals.com,Scottsdale,AZ,,N/A,SENT,2026-07-20 15:59,NO_REPLY,,NOT_CREATED,,NO,NOT_PAID,
Chase International Property Management,chaseinternationalpm.com,propertymanagement@chaseinternational.com,Reno,NV,,N/A,SENT,2026-07-20 16:00,NO_REPLY,,NOT_CREATED,,NO,NOT_PAID,
Duvoire,duvoire.com,hello@duvoire.com,Reno,NV,,N/A,SENT,2026-07-20 16:01,NO_REPLY,,NOT_CREATED,,NO,NOT_PAID,
Tahoe Rental Company,tahoerentalcompany.com,info@tahoerentalcompany.com,Tahoe,NV,,N/A,SENT,2026-07-20 16:02,NO_REPLY,,NOT_CREATED,,NO,NOT_PAID,
World Class Property Management Inc.,worldcpm.com,info@worldcpm.com,,NV,,N/A,SENT,2026-07-20 16:03,NO_REPLY,,NOT_CREATED,,NO,NOT_PAID,
Vacation Tahoe,vacationtahoerentals.com,reservations@vacationtahoerentals.com,Tahoe,NV,,N/A,SENT,2026-07-20 16:04,NO_REPLY,,NOT_CREATED,,NO,NOT_PAID,
B&B Property Management,bandbpropertymanagement.com,tbrouchet@bandbpropertymanagement.com,Las Vegas,NV,,N/A,SENT,2026-07-20 16:05,NO_REPLY,,NOT_CREATED,,NO,NOT_PAID,
Meredith Lodging,meredithlodging.com,office@meredithlodging.com,,OR,,N/A,SENT,2026-07-20 16:06,NO_REPLY,,NOT_CREATED,,NO,NOT_PAID,
Pristine Property Management,pristinevacationhomes.com,info@pristinevacationhomes.com,Medford,OR,,N/A,PENDING,,NO_REPLY,,NOT_CREATED,,NO,NOT_PAID,
Multiporpoise Management,multiporpoise.com,team@multiporpoise.com,Bend,OR,,N/A,PENDING,,NO_REPLY,,NOT_CREATED,,NO,NOT_PAID,
Sisters Vacation,sistersvacation.com,info@sistersvacation.com,Sisters,OR,,N/A,PENDING,,NO_REPLY,,NOT_CREATED,,NO,NOT_PAID,
Wandermore Hosting,wandermorehosting.com,info@wandermorehosting.com,,OR,,N/A,PENDING,,NO_REPLY,,NOT_CREATED,,NO,NOT_PAID,
Seabrook Cottage Rentals,seabrookwa.com,reservations@seabrookwa.com,Seabrook,WA,,N/A,PENDING,,NO_REPLY,,NOT_CREATED,,NO,NOT_PAID,
Whidbey Getaways,whidbeygetaway.com,reservations@whidbey.com,Whidbey Island,WA,,N/A,PENDING,,NO_REPLY,,NOT_CREATED,,NO,NOT_PAID,
Air Concierge,airconcierge.net,info@airconcierge.net,Seattle,WA,,N/A,PENDING,,NO_REPLY,,NOT_CREATED,,NO,NOT_PAID,
Bloomer Estates,bloomerestates.com,stay@bloomerestates.com,Long Beach,WA,,N/A,PENDING,,NO_REPLY,,NOT_CREATED,,NO,NOT_PAID,
Washington State Vacation Rentals,washingtonstatevacationrentals.com,info@washintonstatevacationrentals.com,,WA,,N/A,PENDING,,NO_REPLY,,NOT_CREATED,,NO,NOT_PAID,
A Blue Ridge Vacation,ablueridgevacation.com,info@ablueridgevacation.com,Blue Ridge,GA,,N/A,PENDING,,NO_REPLY,,NOT_CREATED,,NO,NOT_PAID,
Alluvion Vacations,alluvionvacations.com,hello@alluvionvacations.com,,NY,,N/A,PENDING,,NO_REPLY,,NOT_CREATED,,NO,NOT_PAID,
AvailabilityWeb,availabilityweb.com,info@availabilityweb.com,New York,NY,,N/A,PENDING,,NO_REPLY,,NOT_CREATED,,NO,NOT_PAID,
Hostable EVL,hostableevl.com,info@hostableevl.com,Ellicottville,NY,,N/A,PENDING,,NO_REPLY,,NOT_CREATED,,NO,NOT_PAID,
Vibe STU Management,vibefingerlakes.com,booking@vibestrmanagement.com,,NY,,N/A,PENDING,,NO_REPLY,,NOT_CREATED,,NO,NOT_PAID,
Maebeth Vacation Rentals,mpvacationrentals.com,info@mpvacationrentals.com,,ME,,N/A,PENDING,,NO_REPLY,,NOT_CREATED,,NO,NOT_PAID,
