Company,Website,Email,City,State,First_Added,Batch,Last_Status,Last_Sent,Video_Created,Client,Reply_Status,Reply_Date,Follow_Up_Step,Thread_ID,Message_ID,Notes
Florida Vacation Homes,floridavacationhomes.com,rentals@floridavacationhomes.com,Davenport,FL,2026-07-10,Batch_001,SENT,2026-07-27 08:37,NO,NO,,,2,<178443249177.1966.6215738600744296150@airbnbmotion.studio>,<178514147691.2113.918109840459397206@airbnbmotion.studio>,
MN Florida Vacation Homes,mnfloridavacationhomes.com,nathan@mnfloridavacationhomes.com,Kissimmee,FL,2026-07-10,Batch_001,SENT,2026-07-27 08:37,NO,NO,,,2,<178443255317.1966.10147720737544172075@airbnbmotion.studio>,<178514162687.2113.7907807911919402868@airbnbmotion.studio>,
CK Luxury Vacation Rental Property Management Group,ckpropertymanagementgroup.com,floridavacationrentals@ckpropertymanagementgroup.com,,FL,2026-07-10,Batch_001,SENT,2026-07-27 08:37,NO,NO,,,2,<178443261449.1966.12918375109766337641@airbnbmotion.studio>,<178514174301.2113.6694039731310369167@airbnbmotion.studio>,
Vacanza Rentals,vacanzarentals.com,inquiry@vacanzarentals.com,Cape Coral,FL,2026-07-10,Batch_001,SENT,2026-07-27 08:37,NO,NO,,,2,<178443267576.1966.12770999688656114689@airbnbmotion.studio>,<178514183981.2113.9067962730867553026@airbnbmotion.studio>,
Tropical Property Rentals Inc.,tropicalpropertyrentals.com,tropicalpropertyrentals@gmail.com,Marathon,FL,2026-07-10,Batch_001,SENT,2026-07-27 08:37,NO,NO,,,2,<178443273637.1966.5629694112983472214@airbnbmotion.studio>,<178514193829.2113.5094487654320172001@airbnbmotion.studio>,
iTrip St. Petersburg Beaches,itrip.net,seahorse@itrip.net,Ozona,FL,2026-07-10,Batch_001,SENT,2026-07-27 08:37,NO,NO,,,2,<178443279696.1966.7934425259897694356@airbnbmotion.studio>,<178514203618.2113.3223606675821988882@airbnbmotion.studio>,
NXT Vacation Mgmt,nxtvacation.com,sales@nxtvacation.com,San Diego,CA,2026-07-10,Batch_001,SENT,2026-07-27 08:37,NO,NO,,,2,<178443285755.1966.3467665800347439730@airbnbmotion.studio>,<178514216307.2113.18162608148767745536@airbnbmotion.studio>,
Grand Welcome,mammothlakesmanagement.com,hello@mammothlakesmanagement.com,Mammoth Lakes,CA,2026-07-10,Batch_001,SENT,2026-07-27 08:37,NO,NO,,,2,<178443291832.1966.12326275884042530488@airbnbmotion.studio>,<178514230807.2113.16295971121980896187@airbnbmotion.studio>,
Vacation Rentals By Kimberly,vrbkim.com,reservations@vrbkim.com,Del Mar,CA,2026-07-10,Batch_001,SENT,2026-07-27 08:37,NO,NO,,,2,<178443297897.1966.4981143428536474882@airbnbmotion.studio>,<178514241915.2113.18045342328233526213@airbnbmotion.studio>,
San Diego Vacation Rentals,sdvr.com,info@sdvr.com,San Diego,CA,2026-07-10,Batch_001,SENT,2026-07-27 08:37,NO,NO,,,2,<178443303959.1966.5330700853056757929@airbnbmotion.studio>,<178514251893.2113.4242334724936387260@airbnbmotion.studio>,
LUX Coast Management,luxcoastmgmt.com,contact@luxcoastmgmt.com,San Diego,CA,2026-07-10,Batch_001,SENT,2026-07-27 09:46,NO,NO,,,2,<178443310024.1966.4812814554030498444@airbnbmotion.studio>,<178514556945.2163.2722357507203491298@airbnbmotion.studio>,
Gardner Management,gardnercompany.com,info@gardnercompany.com,,CA,2026-07-10,Batch_001,SENT,2026-07-27 09:46,NO,NO,,,2,<178443316110.1966.9595062909679415060@airbnbmotion.studio>,<178514569501.2163.4003626676889509186@airbnbmotion.studio>,
Grand Welcome Austin,austinmanagement.com,hello@austinmanagement.com,Austin,TX,2026-07-10,Batch_001,SENT,2026-07-27 09:46,NO,NO,,,2,<178443322181.1966.16863024577133432255@airbnbmotion.studio>,<178514580985.2163.2557415571553986085@airbnbmotion.studio>,
GuestSpaces,guestspaces.com,kayla@guestspaces.com,,TX,2026-07-10,Batch_001,SENT,2026-07-27 09:46,NO,NO,,,2,<178443328264.1966.8496285375479145441@airbnbmotion.studio>,<178514591073.2163.18364270329272595867@airbnbmotion.studio>,
STR Management,strmanagement.com,info@strmanagement.com,Austin,TX,2026-07-10,Batch_001,SENT,2026-07-27 09:46,NO,NO,,,2,<178443334325.1966.7665981206600104483@airbnbmotion.studio>,<178514601182.2163.6305508790550550719@airbnbmotion.studio>,
Texan Property Management,texanpm.com,manager@texanpm.com,,TX,2026-07-10,Batch_001,SENT,2026-07-27 09:46,NO,NO,,,2,<178443340407.1966.14422281206126519708@airbnbmotion.studio>,<178514611750.2163.16696780652124213672@airbnbmotion.studio>,
DLPHomeandHost,dlphomeandhost.com,veronica@dlphomeandhost.com,,TX,2026-07-10,Batch_001,SENT,2026-07-27 09:46,NO,NO,,,2,<178443346462.1966.9606537406991474800@airbnbmotion.studio>,<178514625549.2163.344637733867668803@airbnbmotion.studio>,
Alpine Co-Hosts,alpinecohosts.com,info@alpinecohosts.com,Vail,CO,2026-07-10,Batch_001,SENT,2026-07-27 09:46,NO,NO,,,2,<178443352524.1966.4617653930649956141@airbnbmotion.studio>,<178514638441.2163.14019057564949870681@airbnbmotion.studio>,
Atlas Vacation Rentals,atlasvrm.com,admin@atlasvrm.com,,CO,2026-07-10,Batch_001,SENT,2026-07-27 09:46,NO,NO,,,2,<178443358585.1966.18077560714437766598@airbnbmotion.studio>,<178514650754.2163.10745450597704140647@airbnbmotion.studio>,
Colorado Rocky Mountain Resorts,coloradormr.com,info@coloradormr.com,Frisco,CO,2026-07-10,Batch_001,SENT,2026-07-27 09:46,NO,NO,,,2,<178443364669.1966.8223238025912390639@airbnbmotion.studio>,<178514663823.2163.8052766232527321447@airbnbmotion.studio>,
rentVAIL,rentVAIL.com,info@rentvail.com,Vail,CO,2026-07-10,Batch_001,SENT,2026-07-19 14:51,NO,NO,,,1,<178447266566.2058.3335490011676389970@airbnbmotion.studio>,<178447266566.2058.3335490011676389970@airbnbmotion.studio>,
SkyRun,skyrun.com,coloradosprings@skyrun.com,Colorado Springs,CO,2026-07-10,Batch_001,SENT,2026-07-19 14:52,NO,NO,,,1,<178447272758.2058.11611302250245646105@airbnbmotion.studio>,<178447272758.2058.11611302250245646105@airbnbmotion.studio>,
Vacation Rental Collective,bookvrc.com,info@bookvrc.com,Multiple,CO,2026-07-10,Batch_001,SENT,2026-07-19 14:53,NO,NO,,,1,<178447278899.2058.16510648413911735377@airbnbmotion.studio>,<178447278899.2058.16510648413911735377@airbnbmotion.studio>,
Hawaii Life Vacations,hawaiilife.com,vacations@hawaiilife.com,,HI,2026-07-10,Batch_001,SENT,2026-07-19 14:54,NO,NO,,,1,<178447285026.2058.12561561440681524925@airbnbmotion.studio>,<178447285026.2058.12561561440681524925@airbnbmotion.studio>,
Captain Cook Real Estate,hawaiiproperty.com,info@hawaiiproperty.com,Oahu,HI,2026-07-10,Batch_001,SENT,2026-07-19 14:55,NO,NO,,,1,<178447291103.2058.6655569815514323046@airbnbmotion.studio>,<178447291103.2058.6655569815514323046@airbnbmotion.studio>,
Hawaii Coastal Property Management,hicoastal.com,contact@hicoastal.com,Oahu,HI,2026-07-10,Batch_001,SENT,2026-07-19 14:56,NO,NO,,,1,<178447297164.2058.10255880317629569161@airbnbmotion.studio>,<178447297164.2058.10255880317629569161@airbnbmotion.studio>,
A Perfect Vacation Rental,aperfectvacationrental.com,admin@apvr.net,Maui,HI,2026-07-10,Batch_001,SENT,2026-07-19 14:57,NO,NO,,,1,<178447303263.2058.18217919458116245117@airbnbmotion.studio>,<178447303263.2058.18217919458116245117@airbnbmotion.studio>,
Vacation Realty Hawaii,vacationrealtyhawaii.com,reservations@vacationrealtyhawaii.com,Kauai,HI,2026-07-10,Batch_001,SENT,2026-07-19 14:58,NO,NO,,,1,<178447309350.2058.3978700065343031195@airbnbmotion.studio>,<178447309350.2058.3978700065343031195@airbnbmotion.studio>,
Castle Resorts & Hotels,chasenrainbows.com,owners@castleresorts.com,,HI,2026-07-10,Batch_001,SENT,2026-07-19 14:59,NO,NO,,,1,<178447315414.2058.18304547075213482302@airbnbmotion.studio>,<178447315414.2058.18304547075213482302@airbnbmotion.studio>,
Carolina Dreaming,carolinadreaming.com,reservations@carolinadreaming.com,Myrtle Beach,SC,2026-07-10,Batch_001,SENT,2026-07-19 15:00,NO,NO,,,1,<178447321480.2058.16707412640508144361@airbnbmotion.studio>,<178447321480.2058.16707412640508144361@airbnbmotion.studio>,
"Edisto Beach Vacation Rentals, LLC",edistobeachvacationrentals.com,ebvrllc@gmail.com,Edisto Beach,SC,2026-07-10,Batch_001,SENT,2026-07-19 15:01,NO,NO,,,1,<178447327543.2058.685800477214988462@airbnbmotion.studio>,<178447327543.2058.685800477214988462@airbnbmotion.studio>,
Myrtle Beach Management,mymyrtlevacation.com,mbmreservations@gmail.com,Myrtle Beach,SC,2026-07-10,Batch_001,SENT,2026-07-19 15:02,NO,NO,,,1,<178447333606.2058.5425490428568817893@airbnbmotion.studio>,<178447333606.2058.5425490428568817893@airbnbmotion.studio>,
Pawleys Island Realty,pawleysislandrealty.com,tawnie@pawleysislandrealty.com,Pawleys Island,SC,2026-07-10,Batch_001,SENT,2026-07-19 15:03,NO,NO,,,1,<178447339682.2058.895874373757653222@airbnbmotion.studio>,<178447339682.2058.895874373757653222@airbnbmotion.studio>,
The Best Rentals,thebestrentals.com,office@follysbest.com,Charleston,SC,2026-07-10,Batch_001,SENT,2026-07-19 15:04,NO,NO,,,1,<178447345765.2058.3674104178361300233@airbnbmotion.studio>,<178447345765.2058.3674104178361300233@airbnbmotion.studio>,
Carolina Palm Vacations,carolinapalm.com,descoproperties@gmail.com,Myrtle Beach,SC,2026-07-10,Batch_001,SENT,2026-07-19 15:05,NO,NO,,,1,<178447351828.2058.10927807177410779437@airbnbmotion.studio>,<178447351828.2058.10927807177410779437@airbnbmotion.studio>,
NC-Stays,nc-stays.com,mike@nc-stays.com,,NC,2026-07-10,Batch_001,SENT,2026-07-19 15:06,NO,NO,,,1,<178447357892.2058.5687209731629626204@airbnbmotion.studio>,<178447357892.2058.5687209731629626204@airbnbmotion.studio>,
Towns Property,townsproperty.com,info@townsproperty.com,Asheville,NC,2026-07-10,Batch_001,SENT,2026-07-19 15:07,NO,NO,,,1,<178447363957.2058.9427072456553320660@airbnbmotion.studio>,<178447363957.2058.9427072456553320660@airbnbmotion.studio>,
Sandhills Rentals,sandhillsvacationrentals.com,rentals@sandhillsrentals.com,Moore County,NC,2026-07-10,Batch_001,SENT,2026-07-19 15:08,NO,NO,,,1,<178447370020.2058.10938190005820231887@airbnbmotion.studio>,<178447370020.2058.10938190005820231887@airbnbmotion.studio>,
Grand Welcome Nashville,nashvillehost.com,hello@nashvillehost.com,Nashville,TN,2026-07-10,Batch_001,SENT,2026-07-19 15:09,NO,NO,,,1,<178447376103.2058.10965507537165033602@airbnbmotion.studio>,<178447376103.2058.10965507537165033602@airbnbmotion.studio>,
Prestige Vacation Rentals,prestigevacationrentals.com,reservations@myprestigevr.com,,TN,2026-07-10,Batch_001,SENT,2026-07-19 15:10,NO,NO,,,1,<178447382186.2058.4083278786879057211@airbnbmotion.studio>,<178447382186.2058.4083278786879057211@airbnbmotion.studio>,
Great Smoky Mountain Vacation Rentals,gsmrentals.com,gsmrentals.tn@gmail.com,Gatlinburg,TN,2026-07-10,Batch_001,SENT,2026-07-20 15:47,NO,NO,,,1,<178456246417.2094.9124376066097338507@airbnbmotion.studio>,<178456246417.2094.9124376066097338507@airbnbmotion.studio>,
Compass Vacation Properties,compassvacationproperties.com,info@compassvacationproperties.com,,TN,2026-07-10,Batch_001,SENT,2026-07-20 15:48,NO,NO,,,1,<178456252609.2094.8448236648658755095@airbnbmotion.studio>,<178456252609.2094.8448236648658755095@airbnbmotion.studio>,
Utah Homes and Vacation Rentals,utahhomesandvacationrentals.com,reservations@utahhomesandvacationrentals.com,Eden,UT,2026-07-10,Batch_001,SENT,2026-07-20 15:49,NO,NO,,,1,<178456258735.2094.14870457727841150476@airbnbmotion.studio>,<178456258735.2094.14870457727841150476@airbnbmotion.studio>,
Mountain Stay Property Management,mountainstay.com,jeremy@mountainstay.com,,UT,2026-07-10,Batch_001,SENT,2026-07-20 15:50,NO,NO,,,1,<178456264797.2094.14992188199325922494@airbnbmotion.studio>,<178456264797.2094.14992188199325922494@airbnbmotion.studio>,
Mayflower,mayflowervrm.com,mayflowervrm@gmail.com,Park City,UT,2026-07-10,Batch_001,SENT,2026-07-20 15:51,NO,NO,,,1,<178456270871.2094.11042402021231671625@airbnbmotion.studio>,<178456270871.2094.11042402021231671625@airbnbmotion.studio>,
Utah's Best Vacation Rentals,utahsbestvacationrentals.com,guestservices@utahsbest.com,,UT,2026-07-10,Batch_001,SENT,2026-07-20 15:52,NO,NO,,,1,<178456276945.2094.15868373174762662556@airbnbmotion.studio>,<178456276945.2094.15868373174762662556@airbnbmotion.studio>,
Canyon Services,canyonservices.com,info@canyonservices.com,Alta,UT,2026-07-10,Batch_001,SENT,2026-07-20 15:53,NO,NO,,,1,<178456283071.2094.10207337426585248525@airbnbmotion.studio>,<178456283071.2094.10207337426585248525@airbnbmotion.studio>,
HAZ Vacation Rentals,hazvacationrentals.com,bookings@hazvacationrentals.com,Phoenix,AZ,2026-07-10,Batch_001,SENT,2026-07-20 15:54,NO,NO,,,1,<178456289179.2094.5858558543521500326@airbnbmotion.studio>,<178456289179.2094.5858558543521500326@airbnbmotion.studio>,
AZ Desert Vacations,azdesertvacations.com,info@azdesertvacations.com,Peoria,AZ,2026-07-10,Batch_001,SENT,2026-07-20 15:55,NO,NO,,,1,<178456295232.2094.4086506871473217931@airbnbmotion.studio>,<178456295232.2094.4086506871473217931@airbnbmotion.studio>,
Flagstaff Vacation Rentals,flagstaffpropertymanagement.com,managementservices@flagstaffvacationrentals.com,Flagstaff,AZ,2026-07-10,Batch_001,SENT,2026-07-20 15:56,NO,NO,,,1,<178456301284.2094.4049269546438656248@airbnbmotion.studio>,<178456301284.2094.4049269546438656248@airbnbmotion.studio>,
Day N Nite Stays,daynnitestays.com,hello@azsuperhost.com,Scottsdale,AZ,2026-07-10,Batch_001,SENT,2026-07-20 15:57,NO,NO,,,1,<178456307350.2094.7252672230405609128@airbnbmotion.studio>,<178456307350.2094.7252672230405609128@airbnbmotion.studio>,
Versatile Properties,vpvacationrentals.com,management@vpvacationrentals.com,Williams,AZ,2026-07-10,Batch_001,SENT,2026-07-20 15:58,NO,NO,,,1,<178456313403.2094.7516248056468767128@airbnbmotion.studio>,<178456313403.2094.7516248056468767128@airbnbmotion.studio>,
Best Arizona Vacation Rentals,bestarizonavacationrentals.com,reservations@bestarizonavacationrentals.com,Scottsdale,AZ,2026-07-10,Batch_001,SENT,2026-07-20 15:59,NO,NO,,,1,<178456319460.2094.10000431463846282278@airbnbmotion.studio>,<178456319460.2094.10000431463846282278@airbnbmotion.studio>,
Chase International Property Management,chaseinternationalpm.com,propertymanagement@chaseinternational.com,Reno,NV,2026-07-10,Batch_001,SENT,2026-07-20 16:00,NO,NO,,,1,<178456325549.2094.14771201775874846987@airbnbmotion.studio>,<178456325549.2094.14771201775874846987@airbnbmotion.studio>,
Duvoire,duvoire.com,hello@duvoire.com,Reno,NV,2026-07-10,Batch_001,SENT,2026-07-20 16:01,NO,NO,,,1,<178456331605.2094.3394277288327894318@airbnbmotion.studio>,<178456331605.2094.3394277288327894318@airbnbmotion.studio>,
Tahoe Rental Company,tahoerentalcompany.com,info@tahoerentalcompany.com,Tahoe,NV,2026-07-10,Batch_001,SENT,2026-07-20 16:02,NO,NO,,,1,<178456337675.2094.8290889912540268279@airbnbmotion.studio>,<178456337675.2094.8290889912540268279@airbnbmotion.studio>,
World Class Property Management Inc.,worldcpm.com,info@worldcpm.com,,NV,2026-07-10,Batch_001,SENT,2026-07-20 16:03,NO,NO,,,1,<178456343728.2094.17040611639991309082@airbnbmotion.studio>,<178456343728.2094.17040611639991309082@airbnbmotion.studio>,
Vacation Tahoe,vacationtahoerentals.com,reservations@vacationtahoerentals.com,Tahoe,NV,2026-07-10,Batch_001,SENT,2026-07-20 16:04,NO,NO,,,1,<178456349780.2094.16197302085521722673@airbnbmotion.studio>,<178456349780.2094.16197302085521722673@airbnbmotion.studio>,
B&B Property Management,bandbpropertymanagement.com,tbrouchet@bandbpropertymanagement.com,Las Vegas,NV,2026-07-10,Batch_001,SENT,2026-07-20 16:05,NO,NO,,,1,<178456355845.2094.12899343184519849347@airbnbmotion.studio>,<178456355845.2094.12899343184519849347@airbnbmotion.studio>,
Meredith Lodging,meredithlodging.com,office@meredithlodging.com,,OR,2026-07-10,Batch_001,SENT,2026-07-20 16:06,NO,NO,,,1,<178456361918.2094.8332491604712870048@airbnbmotion.studio>,<178456361918.2094.8332491604712870048@airbnbmotion.studio>,
Pristine Property Management,pristinevacationhomes.com,info@pristinevacationhomes.com,Medford,OR,2026-07-10,Batch_001,SENT,2026-07-21 15:40,NO,NO,,,1,<178464841273.2135.7115954355889592839@airbnbmotion.studio>,<178464841273.2135.7115954355889592839@airbnbmotion.studio>,
Multiporpoise Management,multiporpoise.com,team@multiporpoise.com,Bend,OR,2026-07-10,Batch_001,SENT,2026-07-21 15:41,NO,NO,,,1,<178464847469.2135.3389238567060045633@airbnbmotion.studio>,<178464847469.2135.3389238567060045633@airbnbmotion.studio>,
Sisters Vacation,sistersvacation.com,info@sistersvacation.com,Sisters,OR,2026-07-10,Batch_001,SENT,2026-07-21 15:42,NO,NO,,,1,<178464853598.2135.2165922395025672858@airbnbmotion.studio>,<178464853598.2135.2165922395025672858@airbnbmotion.studio>,
Wandermore Hosting,wandermorehosting.com,info@wandermorehosting.com,,OR,2026-07-10,Batch_001,SENT,2026-07-21 15:43,NO,NO,,,1,<178464859726.2135.3458170354890206604@airbnbmotion.studio>,<178464859726.2135.3458170354890206604@airbnbmotion.studio>,
Seabrook Cottage Rentals,seabrookwa.com,reservations@seabrookwa.com,Seabrook,WA,2026-07-10,Batch_001,SENT,2026-07-21 15:44,NO,NO,,,1,<178464865806.2135.14710692170281887880@airbnbmotion.studio>,<178464865806.2135.14710692170281887880@airbnbmotion.studio>,
Whidbey Getaways,whidbeygetaway.com,reservations@whidbey.com,Whidbey Island,WA,2026-07-10,Batch_001,SENT,2026-07-21 15:45,NO,NO,,,1,<178464871882.2135.394819028331206238@airbnbmotion.studio>,<178464871882.2135.394819028331206238@airbnbmotion.studio>,
Air Concierge,airconcierge.net,info@airconcierge.net,Seattle,WA,2026-07-10,Batch_001,SENT,2026-07-21 15:46,NO,NO,,,1,<178464877962.2135.12048852960272613101@airbnbmotion.studio>,<178464877962.2135.12048852960272613101@airbnbmotion.studio>,
Bloomer Estates,bloomerestates.com,stay@bloomerestates.com,Long Beach,WA,2026-07-10,Batch_001,SENT,2026-07-21 15:47,NO,NO,,,1,<178464884041.2135.1937821924311111127@airbnbmotion.studio>,<178464884041.2135.1937821924311111127@airbnbmotion.studio>,
Washington State Vacation Rentals,washingtonstatevacationrentals.com,info@washintonstatevacationrentals.com,,WA,2026-07-10,Batch_001,SENT,2026-07-21 15:48,NO,NO,,,1,<178464890106.2135.9536978906098368633@airbnbmotion.studio>,<178464890106.2135.9536978906098368633@airbnbmotion.studio>,
A Blue Ridge Vacation,ablueridgevacation.com,info@ablueridgevacation.com,Blue Ridge,GA,2026-07-10,Batch_001,SENT,2026-07-21 15:49,NO,NO,,,1,<178464896183.2135.6652197480219124833@airbnbmotion.studio>,<178464896183.2135.6652197480219124833@airbnbmotion.studio>,
Alluvion Vacations,alluvionvacations.com,hello@alluvionvacations.com,,NY,2026-07-10,Batch_001,SENT,2026-07-21 15:50,NO,NO,,,1,<178464902251.2135.12674897068136192885@airbnbmotion.studio>,<178464902251.2135.12674897068136192885@airbnbmotion.studio>,
AvailabilityWeb,availabilityweb.com,info@availabilityweb.com,New York,NY,2026-07-10,Batch_001,SENT,2026-07-21 15:51,NO,NO,,,1,<178464908319.2135.17213987469732152745@airbnbmotion.studio>,<178464908319.2135.17213987469732152745@airbnbmotion.studio>,
Hostable EVL,hostableevl.com,info@hostableevl.com,Ellicottville,NY,2026-07-10,Batch_001,SENT,2026-07-21 15:52,NO,NO,,,1,<178464914416.2135.2477774161896465178@airbnbmotion.studio>,<178464914416.2135.2477774161896465178@airbnbmotion.studio>,
Vibe STU Management,vibefingerlakes.com,booking@vibestrmanagement.com,,NY,2026-07-10,Batch_001,SENT,2026-07-21 15:53,NO,NO,,,1,<178464920498.2135.14388317673768148111@airbnbmotion.studio>,<178464920498.2135.14388317673768148111@airbnbmotion.studio>,
Maebeth Vacation Rentals,mpvacationrentals.com,info@mpvacationrentals.com,,ME,2026-07-10,Batch_001,SENT,2026-07-21 15:54,NO,NO,,,1,<178464926562.2135.1094640782292878242@airbnbmotion.studio>,<178464926562.2135.1094640782292878242@airbnbmotion.studio>,
Yellowpages,https://www.yellowpages.com,support@thryv.com,Orlando,FL,2026-07-22,Batch_002,SENT,2026-07-22 03:07,NO,NO,,,1,<178468964348.2139.8575924169017969914@airbnbmotion.studio>,<178468964348.2139.8575924169017969914@airbnbmotion.studio>,
Berkleylaketownhomes,https://www.berkleylaketownhomes.com,reservation@seeyouinorlando.com,Orlando,FL,2026-07-22,Batch_002,SENT,2026-07-22 03:08,NO,NO,,,1,<178468970526.2139.2786305131079567171@airbnbmotion.studio>,<178468970526.2139.2786305131079567171@airbnbmotion.studio>,
Revavista,https://revavista.com,info@revavista.com,Orlando,FL,2026-07-22,Batch_002,SENT,2026-07-22 03:09,NO,NO,,,1,<178468976646.2139.10857271540091791581@airbnbmotion.studio>,<178468976646.2139.10857271540091791581@airbnbmotion.studio>,
Magicalvacationhomes,https://www.magicalvacationhomes.com,dev@bizcor.com,Orlando,FL,2026-07-22,Batch_002,SENT,2026-07-22 03:10,NO,NO,,,1,<178468982773.2139.1637969602992101066@airbnbmotion.studio>,<178468982773.2139.1637969602992101066@airbnbmotion.studio>,
Orlandohost,https://www.orlandohost.com,hello@orlandohost.com,Orlando,FL,2026-07-22,Batch_002,SENT,2026-07-22 03:11,NO,NO,,,1,<178468988836.2139.1031017384034569521@airbnbmotion.studio>,<178468988836.2139.1031017384034569521@airbnbmotion.studio>,
Orlandovacation,https://orlandovacation.com,help@orlandovacation.com,Orlando,FL,2026-07-22,Batch_002,SENT,2026-07-22 03:12,NO,NO,,,1,<178468994920.2139.16236232451655631592@airbnbmotion.studio>,<178468994920.2139.16236232451655631592@airbnbmotion.studio>,
Fvh,https://www.fvh.com,management@floridavacationhomes.com,Orlando,FL,2026-07-22,Batch_002,SENT,2026-07-22 03:13,NO,NO,,,1,<178469001060.2139.10536224442420801609@airbnbmotion.studio>,<178469001060.2139.10536224442420801609@airbnbmotion.studio>,
Tropicalvillasorlando,https://www.tropicalvillasorlando.com,carlos@magnoliavillas.com,Orlando,FL,2026-07-22,Batch_002,SENT,2026-07-22 03:14,NO,NO,,,1,<178469007150.2139.12727924528067169194@airbnbmotion.studio>,<178469007150.2139.12727924528067169194@airbnbmotion.studio>,
Awning,https://awning.com,hello@awning.com,Orlando,FL,2026-07-22,Batch_002,SENT,2026-07-22 03:15,NO,NO,,,1,<178469013218.2139.6606819393756304439@airbnbmotion.studio>,<178469013218.2139.6606819393756304439@airbnbmotion.studio>,
Funstayflorida,https://www.funstayflorida.com,mike@mikechenrealtor.com,Orlando,FL,2026-07-22,Batch_002,SENT,2026-07-22 03:16,NO,NO,,,1,<178469019310.2139.9849231303334943246@airbnbmotion.studio>,<178469019310.2139.9849231303334943246@airbnbmotion.studio>,
Atriummanagement,http://www.atriummanagement.com,info@atriummanagement.com,Orlando,FL,2026-07-22,Batch_002,SENT,2026-07-22 03:17,NO,NO,,,1,<178469025374.2139.6985669806549786453@airbnbmotion.studio>,<178469025374.2139.6985669806549786453@airbnbmotion.studio>,
Luxuryrentalsmiamibeach,https://www.luxuryrentalsmiamibeach.com,info@lrmb.com,Miami,FL,2026-07-22,Batch_002,SENT,2026-07-22 03:18,NO,NO,,,1,<178469031440.2139.10130244034139174202@airbnbmotion.studio>,<178469031440.2139.10130244034139174202@airbnbmotion.studio>,
Luxrentalmiami,https://www.luxrentalmiami.com,contact@luxrentalmiami.com,Miami,FL,2026-07-22,Batch_002,SENT,2026-07-22 03:19,NO,NO,,,1,<178469037508.2139.13350377669278563053@airbnbmotion.studio>,<178469037508.2139.13350377669278563053@airbnbmotion.studio>,
Frenchyluxury,https://www.frenchyluxury.com,johndoe@mail.com,Miami,FL,2026-07-22,Batch_002,SENT,2026-07-22 03:20,NO,NO,,,1,<178469043625.2139.17052957511668093446@airbnbmotion.studio>,<178469043625.2139.17052957511668093446@airbnbmotion.studio>,
Premierpointvacations,https://premierpointvacations.com,info@premierpointvacations.com,Miami,FL,2026-07-22,Batch_002,SENT,2026-07-22 03:21,NO,NO,,,1,<178469049693.2139.5404740210859410011@airbnbmotion.studio>,<178469049693.2139.5404740210859410011@airbnbmotion.studio>,
Miamibeachhost,https://www.miamibeachhost.com,hello@miamibeachhost.com,Miami,FL,2026-07-22,Batch_002,SENT,2026-07-22 03:22,NO,NO,,,1,<178469055759.2139.7052572249661853776@airbnbmotion.studio>,<178469055759.2139.7052572249661853776@airbnbmotion.studio>,
Caribbeanproperty,http://www.caribbeanproperty.cc,info@caribbeanproperty.cc,Miami,FL,2026-07-22,Batch_002,SENT,2026-07-22 03:23,NO,NO,,,1,<178469061825.2139.11666008963288214503@airbnbmotion.studio>,<178469061825.2139.11666008963288214503@airbnbmotion.studio>,
Atlantikosus,https://www.atlantikosus.com,18d2f96d279149989b95faf0a4b41882@sentry-next.wixpress.com,Miami,FL,2026-07-22,Batch_002,SENT,2026-07-22 03:24,NO,NO,,,1,<178469067892.2139.3720753566860763341@airbnbmotion.studio>,<178469067892.2139.3720753566860763341@airbnbmotion.studio>,
Tangymgmt,https://tangymgmt.com,info@tangymgmt.com,Miami,FL,2026-07-22,Batch_002,SENT,2026-07-22 03:25,NO,NO,,,1,<178469073959.2139.12338250092471442582@airbnbmotion.studio>,<178469073959.2139.12338250092471442582@airbnbmotion.studio>,
Yahoo,https://yahoo.uservoice.com,brad@uservoice.com,Miami,FL,2026-07-22,Batch_002,SENT,2026-07-22 03:26,NO,NO,,,1,<178469080044.2139.11063374781497104502@airbnbmotion.studio>,<178469080044.2139.11063374781497104502@airbnbmotion.studio>,
Outbackrentals,https://www.outbackrentals.com,c183baa23371454f99f417f6616b724d@sentry.wixpress.com,Gatlinburg,TN,2026-07-22,Batch_002,SENT,2026-07-22 03:27,NO,NO,,,1,<178469086114.2139.11358168009604375016@airbnbmotion.studio>,<178469086114.2139.11358168009604375016@airbnbmotion.studio>,
Beartracts,https://www.beartracts.com,reservations@beartracts.com,Gatlinburg,TN,2026-07-22,Batch_002,SENT,2026-07-22 03:28,NO,NO,,,1,<178469092178.2139.16923587538437846884@airbnbmotion.studio>,<178469092178.2139.16923587538437846884@airbnbmotion.studio>,
Elkspringsresort,https://www.elkspringsresort.com,cabininfo@elkspringsresort.com,Gatlinburg,TN,2026-07-22,Batch_002,SENT,2026-07-22 03:29,NO,NO,,,1,<178469098242.2139.195507842371079200@airbnbmotion.studio>,<178469098242.2139.195507842371079200@airbnbmotion.studio>,
Shorttermcoops,https://shorttermcoops.com,support@shorttermcoops.com,Gatlinburg,TN,2026-07-22,Batch_002,SENT,2026-07-22 03:30,NO,NO,,,1,<178469104311.2139.3173189901395200244@airbnbmotion.studio>,<178469104311.2139.3173189901395200244@airbnbmotion.studio>,
Heartlandrentals,https://www.heartlandrentals.com,reservations@heartlandrentals.com,Gatlinburg,TN,2026-07-22,Batch_002,SENT,2026-07-22 03:31,NO,NO,,,1,<178469110389.2139.7291000830172549100@airbnbmotion.studio>,<178469110389.2139.7291000830172549100@airbnbmotion.studio>,
Elevatemgmt,https://www.elevatemgmt.com,463991d7bca24f02a0baf16f9e6eda73@sentry.wixpress.com,San Diego,CA,2026-07-22,Batch_002,SENT,2026-07-22 03:32,NO,NO,,,1,<178469116474.2139.12139034496853353594@airbnbmotion.studio>,<178469116474.2139.12139034496853353594@airbnbmotion.studio>,
Goodlifemgmt,https://www.goodlifemgmt.com,info@goodlifemgmt.com,San Diego,CA,2026-07-22,Batch_002,SENT,2026-07-22 03:33,NO,NO,,,1,<178469122543.2139.9347809931375955397@airbnbmotion.studio>,<178469122543.2139.9347809931375955397@airbnbmotion.studio>,
Leasingsd,https://leasingsd.com,info@leasingsd.com,San Diego,CA,2026-07-22,Batch_002,SENT,2026-07-22 03:34,NO,NO,,,1,<178469128609.2139.7712509610513088910@airbnbmotion.studio>,<178469128609.2139.7712509610513088910@airbnbmotion.studio>,
Aspenluxuryvacationrentals,https://www.aspenluxuryvacationrentals.com/property-management/,ken.wilson@bizcor.com,Aspen,CO,2026-07-27,Batch_003,SENT,2026-07-27 08:57,NO,NO,,,1,<178514267244.2375.18122199520228844029@airbnbmotion.studio>,<178514267244.2375.18122199520228844029@airbnbmotion.studio>,
Aspenchamber,https://aspenchamber.org/business-directory/the-agency-aspen/,heather.sinclair@theagencyre.com,Aspen,CO,2026-07-27,Batch_003,SENT,2026-07-27 08:59,NO,NO,,,1,<178514279919.2375.406432592293473650@airbnbmotion.studio>,<178514279919.2375.406432592293473650@airbnbmotion.studio>,
Kristinbalkoaspen,https://kristinbalkoaspen.com/,kristin.balko@elliman.com,Aspen,CO,2026-07-27,Batch_003,SENT,2026-07-27 09:02,NO,NO,,,1,<178514293290.2375.7479740808472100642@airbnbmotion.studio>,<178514293290.2375.7479740808472100642@airbnbmotion.studio>,
Themclendonteam,https://themclendonteam.com/,olivia@themclendonteam.com,Aspen,CO,2026-07-27,Batch_003,SENT,2026-07-27 09:03,NO,NO,,,1,<178514303183.2375.9511630246024980493@airbnbmotion.studio>,<178514303183.2375.9511630246024980493@airbnbmotion.studio>,
Realtor,https://www.realtor.com/realestateandhomes-search/Aspen_CO/type-single-family-home/sby-2,unblockrequest@realtor.com,Aspen,CO,2026-07-27,Batch_003,SENT,2026-07-27 09:05,NO,NO,,,1,<178514314259.2375.7275787665959915930@airbnbmotion.studio>,<178514314259.2375.7275787665959915930@airbnbmotion.studio>,
Melissatucci,https://www.melissatucci.com/,sold@melissatucci.com,San Diego,CA,2026-07-27,Batch_003,SENT,2026-07-27 09:08,NO,NO,,,1,<178514327972.2375.6978714653044526608@airbnbmotion.studio>,<178514327972.2375.6978714653044526608@airbnbmotion.studio>,
Coldwellbanker,https://www.coldwellbanker.com/ca/san-diego/offices/coldwell-banker-realty/oid-P00400000FDdqUVl32otHKnB6iSXDRlgh6TNwqcR,angela.conklin@cbrealty.com,San Diego,CA,2026-07-27,Batch_003,SENT,2026-07-27 09:09,NO,NO,,,1,<178514337379.2375.8948789849463743068@airbnbmotion.studio>,<178514337379.2375.8948789849463743068@airbnbmotion.studio>,
Dianapatrick,https://www.dianapatrick.com/,diana@dianapatrick.com,San Diego,CA,2026-07-27,Batch_003,SENT,2026-07-27 09:11,NO,NO,,,1,<178514347451.2375.2145159505628348885@airbnbmotion.studio>,<178514347451.2375.2145159505628348885@airbnbmotion.studio>,
Kmcoastal,https://kmcoastal.com/,miller.kelli@gmail.com,San Diego,CA,2026-07-27,Batch_003,SENT,2026-07-27 09:13,NO,NO,,,1,<178514362434.2375.15730900460077005875@airbnbmotion.studio>,<178514362434.2375.15730900460077005875@airbnbmotion.studio>,
Jamesjam,https://jamesjam.com/,james@jamesjam.com,San Diego,CA,2026-07-27,Batch_003,SENT,2026-07-27 09:15,NO,NO,,,1,<178514372824.2375.14571419244104355298@airbnbmotion.studio>,<178514372824.2375.14571419244104355298@airbnbmotion.studio>,
Mauirealestateadvisors,https://mauirealestateadvisors.com/,dee.garnes@islandproperties.com,Maui,HI,2026-07-27,Batch_004,SENT,2026-07-27 10:06,NO,NO,,,1,<178514677541.2360.9031919145965167565@airbnbmotion.studio>,<178514677541.2360.9031919145965167565@airbnbmotion.studio>,
Gallowayrealty,https://www.gallowayrealty.com/,paul@gallowayrealty.com,Sedona,AZ,2026-07-27,Batch_004,SENT,2026-07-27 10:08,NO,NO,,,1,<178514692198.2360.18323744088168574723@airbnbmotion.studio>,<178514692198.2360.18323744088168574723@airbnbmotion.studio>,
